{
  "auroc": 0.7282882882882883,
  "TPR@FPR=0.01": 0.015015015015015015,
  "FPR@thr=0.01": 0.01,
  "TPR@FPR=0.001": 0.0,
  "FPR@thr=0.001": 0.0
}