{
  "scenario": "doc",
  "seen_png": {
    "auroc": 0.8207000000000001,
    "TPR@FPR=0.01": 0.37,
    "FPR@thr=0.01": 0.01,
    "TPR@FPR=0.001": 0.0,
    "FPR@thr=0.001": 0.0
  },
  "unseen_png": {
    "nano25": {
      "auroc": 0.7282882882882883,
      "TPR@FPR=0.01": 0.015015015015015015,
      "FPR@thr=0.01": 0.01,
      "TPR@FPR=0.001": 0.0,
      "FPR@thr=0.001": 0.0
    },
    "nanopro": {
      "auroc": 0.3816867469879518,
      "TPR@FPR=0.01": 0.0,
      "FPR@thr=0.01": 0.01,
      "TPR@FPR=0.001": 0.0,
      "FPR@thr=0.001": 0.0
    }
  }
}