{
  "scenario": "doc",
  "seen_png": {
    "auroc": 0.9994,
    "TPR@FPR=0.01": 0.0,
    "FPR@thr=0.01": 0.0,
    "TPR@FPR=0.001": 0.0,
    "FPR@thr=0.001": 0.0
  },
  "unseen_png": {
    "nano25": {
      "auroc": 0.7840540540540542,
      "TPR@FPR=0.01": 0.0,
      "FPR@thr=0.01": 0.0,
      "TPR@FPR=0.001": 0.0,
      "FPR@thr=0.001": 0.0
    },
    "nanopro": {
      "auroc": 0.7966265060240963,
      "TPR@FPR=0.01": 0.0,
      "FPR@thr=0.01": 0.0,
      "TPR@FPR=0.001": 0.0,
      "FPR@thr=0.001": 0.0
    }
  }
}