{
  "auroc": 0.49108433734939755,
  "TPR@FPR=0.01": 0.006024096385542169,
  "FPR@thr=0.01": 0.02,
  "TPR@FPR=0.001": 0.0,
  "FPR@thr=0.001": 0.0
}