{
  "auroc": 0.4456456456456457,
  "TPR@FPR=0.01": 0.006006006006006006,
  "FPR@thr=0.01": 0.02,
  "TPR@FPR=0.001": 0.0,
  "FPR@thr=0.001": 0.0
}