{
  "scenario": "headshot",
  "seen_png": {
    "auroc": 0.5814,
    "TPR@FPR=0.01": 0.02,
    "FPR@thr=0.01": 0.02,
    "TPR@FPR=0.001": 0.0,
    "FPR@thr=0.001": 0.0
  },
  "unseen_png": {
    "nano25": {
      "auroc": 0.4456456456456457,
      "TPR@FPR=0.01": 0.006006006006006006,
      "FPR@thr=0.01": 0.02,
      "TPR@FPR=0.001": 0.0,
      "FPR@thr=0.001": 0.0
    },
    "nanopro": {
      "auroc": 0.49108433734939755,
      "TPR@FPR=0.01": 0.006024096385542169,
      "FPR@thr=0.01": 0.02,
      "TPR@FPR=0.001": 0.0,
      "FPR@thr=0.001": 0.0
    }
  }
}