{
  "thresholds": {
    "0.01": 0.9999997615814208,
    "0.001": Infinity
  },
  "logistic": {
    "coef": -1.840763499788477,
    "intercept": 0.07745703673787976
  }
}