{
  "scenario": "scene",
  "seen_png": {
    "auroc": 0.07769999999999999,
    "TPR@FPR=0.01": 0.0,
    "FPR@thr=0.01": 0.0,
    "TPR@FPR=0.001": 0.0,
    "FPR@thr=0.001": 0.0
  },
  "unseen_png": {
    "nano25": {
      "auroc": 0.2895195195195195,
      "TPR@FPR=0.01": 0.0,
      "FPR@thr=0.01": 0.0,
      "TPR@FPR=0.001": 0.0,
      "FPR@thr=0.001": 0.0
    },
    "nanopro": {
      "auroc": 0.16289156626506024,
      "TPR@FPR=0.01": 0.0,
      "FPR@thr=0.01": 0.0,
      "TPR@FPR=0.001": 0.0,
      "FPR@thr=0.001": 0.0
    }
  }
}