{
  "thresholds": {
    "0.01": 0.8802505135536194,
    "0.001": Infinity
  },
  "logistic": {
    "coef": 1.655879621275651,
    "intercept": 1.4638836872046679
  }
}