{
  "auroc": 0.8963663663663664,
  "TPR@FPR=0.01": 0.03903903903903904,
  "FPR@thr=0.01": 0.01,
  "TPR@FPR=0.001": 0.0,
  "FPR@thr=0.001": 0.0
}