{
  "auroc": 0.8987951807228916,
  "TPR@FPR=0.01": 0.0783132530120482,
  "FPR@thr=0.01": 0.01,
  "TPR@FPR=0.001": 0.0,
  "FPR@thr=0.001": 0.0
}