{
  "scenario": "headshot",
  "seen_png": {
    "auroc": 0.9462999999999999,
    "TPR@FPR=0.01": 0.5,
    "FPR@thr=0.01": 0.01,
    "TPR@FPR=0.001": 0.0,
    "FPR@thr=0.001": 0.0
  },
  "unseen_png": {
    "nano25": {
      "auroc": 0.8963663663663664,
      "TPR@FPR=0.01": 0.03903903903903904,
      "FPR@thr=0.01": 0.01,
      "TPR@FPR=0.001": 0.0,
      "FPR@thr=0.001": 0.0
    },
    "nanopro": {
      "auroc": 0.8987951807228916,
      "TPR@FPR=0.01": 0.0783132530120482,
      "FPR@thr=0.01": 0.01,
      "TPR@FPR=0.001": 0.0,
      "FPR@thr=0.001": 0.0
    }
  }
}